company_id,status,facility_mgt_no,match_basis,candidate_count,needs_review
19730332008,unlinked,,none,0,true
19750208003,ambiguous,3490000-106-1987-00001|3560000-106-1975-00001,name+sido,2,true
19760015001,unlinked,,none,0,true
19810372140,unlinked,,none,0,true
19850614055,unlinked,,none,0,true
19870190023,ambiguous,3490000-106-1987-00001|3560000-106-1975-00001,name+sido,2,true
19960080359,unlinked,,none,0,true
20000216571,unlinked,,none,0,true
20000360372,unlinked,,none,0,true
20020503571,unlinked,,none,0,true
20040101033,unlinked,,none,0,true
20050614233,unlinked,,none,0,true
20060445219,ambiguous,4400000-106-2014-00007|4470000-106-2006-00017,name+sido,2,true
20080481573,unlinked,,none,0,true
20090015058,unlinked,,none,0,true
20090440107,unlinked,,none,0,true
20090442040,unlinked,,none,0,true
20100015160,unlinked,,none,0,true
20100015161,unlinked,,none,0,true
20100592617,unlinked,,none,0,true
20110149185,unlinked,,none,0,true
20120015009,unlinked,,none,0,true
20130015037,unlinked,,none,0,true
20130016170,unlinked,,none,0,true
20130017099,unlinked,,none,0,true
20130018179,unlinked,,none,0,true
20130019015,unlinked,,none,0,true
20140435098,ambiguous,4400000-106-2014-00007|4470000-106-2006-00017,name+sido,2,true
20140512029,unlinked,,none,0,true
20140616022,unlinked,,none,0,true
20160368665,unlinked,,none,0,true
20160525015,unlinked,,none,0,true
20170415080,unlinked,,none,0,true
20180581354,unlinked,,none,0,true
20190473161,unlinked,,none,0,true
20190494491,unlinked,,none,0,true
20200395112,unlinked,,none,0,true
20200397004,unlinked,,none,0,true
20200401439,unlinked,,none,0,true
20210011470,unlinked,,none,0,true
20210537120,unlinked,,none,0,true
20230249572,unlinked,,none,0,true
20230700119,unlinked,,none,0,true
